movie_id,title,genre,language,release_year,duration,country
1,Movie_1,Sci-Fi,Telugu,2005,124,UK
2,Movie_2,Horror,English,2007,172,USA
3,Movie_3,Sci-Fi,Telugu,2018,94,Australia
4,Movie_4,Drama,Telugu,2003,162,Canada
5,Movie_5,Horror,Kannada,2014,177,UK
6,Movie_6,Comedy,English,2013,153,India
7,Movie_7,Comedy,Kannada,2024,110,India
8,Movie_8,Comedy,Hindi,2007,168,UK
9,Movie_9,Sci-Fi,Kannada,2024,137,USA
10,Movie_10,Drama,Hindi,2017,132,India
11,Movie_11,Sci-Fi,Tamil,2007,89,Canada
12,Movie_12,Drama,English,2023,145,Australia
13,Movie_13,Comedy,Hindi,2020,131,Canada
14,Movie_14,Comedy,English,2021,137,UK
15,Movie_15,Sci-Fi,Hindi,2000,123,USA
16,Movie_16,Drama,Kannada,2016,147,UK
17,Movie_17,Comedy,Kannada,2003,133,Canada
18,Movie_18,Horror,Telugu,2019,144,UK
19,Movie_19,Action,Tamil,2006,149,UK
20,Movie_20,Action,Telugu,2010,147,India
21,Movie_21,Sci-Fi,Telugu,2007,134,USA
22,Movie_22,Drama,Hindi,2014,175,India
23,Movie_23,Sci-Fi,Kannada,2007,94,Australia
24,Movie_24,Drama,Kannada,2011,85,India
25,Movie_25,Action,Telugu,2023,108,Canada
26,Movie_26,Action,Telugu,2022,171,UK
27,Movie_27,Action,Hindi,2017,137,Canada
28,Movie_28,Sci-Fi,Kannada,2001,165,Australia
29,Movie_29,Drama,Telugu,2021,113,USA
30,Movie_30,Comedy,Kannada,2011,156,USA
31,Movie_31,Horror,Tamil,2009,157,UK
32,Movie_32,Horror,Kannada,2012,90,USA
33,Movie_33,Action,Tamil,2002,155,India
34,Movie_34,Comedy,Tamil,2006,150,USA
35,Movie_35,Comedy,Telugu,2001,154,Canada
36,Movie_36,Horror,English,2024,171,USA
37,Movie_37,Action,Tamil,2012,166,Australia
38,Movie_38,Action,Telugu,2007,117,UK
39,Movie_39,Sci-Fi,Kannada,2002,133,Canada
40,Movie_40,Action,Tamil,2019,135,India
41,Movie_41,Sci-Fi,Tamil,2004,82,India
42,Movie_42,Action,Tamil,2024,164,Canada
43,Movie_43,Sci-Fi,Tamil,2016,118,UK
44,Movie_44,Drama,Hindi,2020,88,Canada
45,Movie_45,Action,Hindi,2007,151,UK
46,Movie_46,Drama,Kannada,2014,108,Canada
47,Movie_47,Drama,English,2016,158,India
48,Movie_48,Comedy,Tamil,2021,81,Australia
49,Movie_49,Drama,Kannada,2008,125,India
50,Movie_50,Sci-Fi,English,2023,83,UK
51,Movie_51,Comedy,Kannada,2000,169,USA
52,Movie_52,Drama,Tamil,2021,111,India
53,Movie_53,Horror,Tamil,2006,115,India
54,Movie_54,Comedy,Kannada,2010,85,Australia
55,Movie_55,Sci-Fi,Kannada,2004,102,Australia
56,Movie_56,Sci-Fi,Tamil,2004,138,Canada
57,Movie_57,Sci-Fi,Telugu,2017,166,USA
58,Movie_58,Drama,Hindi,2019,129,Canada
59,Movie_59,Horror,Kannada,2008,167,Canada
60,Movie_60,Comedy,Tamil,2011,104,Canada
61,Movie_61,Action,English,2004,161,UK
62,Movie_62,Horror,Telugu,2021,103,UK
63,Movie_63,Horror,Telugu,2010,147,UK
64,Movie_64,Comedy,English,2000,134,India
65,Movie_65,Drama,Hindi,2008,114,UK
66,Movie_66,Drama,Hindi,2008,139,India
67,Movie_67,Sci-Fi,Hindi,2003,133,Canada
68,Movie_68,Horror,English,2024,128,UK
69,Movie_69,Drama,Kannada,2009,98,Australia
70,Movie_70,Horror,Kannada,2001,120,Australia
71,Movie_71,Sci-Fi,Kannada,2011,128,India
72,Movie_72,Comedy,Hindi,2002,88,Canada
73,Movie_73,Comedy,Telugu,2021,157,Australia
74,Movie_74,Action,Tamil,2013,169,UK
75,Movie_75,Horror,Telugu,2002,125,UK
76,Movie_76,Action,Hindi,2016,101,USA
77,Movie_77,Drama,Telugu,2001,115,Australia
78,Movie_78,Drama,Kannada,2011,91,USA
79,Movie_79,Drama,Hindi,2018,128,UK
80,Movie_80,Comedy,Hindi,2010,89,Australia
81,Movie_81,Action,Kannada,2008,150,UK
82,Movie_82,Drama,English,2020,106,Australia
83,Movie_83,Drama,Telugu,2007,120,Canada
84,Movie_84,Comedy,Telugu,2010,114,USA
85,Movie_85,Comedy,Hindi,2023,140,India
86,Movie_86,Horror,Tamil,2012,107,UK
87,Movie_87,Comedy,Kannada,2024,95,UK
88,Movie_88,Sci-Fi,Kannada,2006,141,India
89,Movie_89,Action,Kannada,2007,158,USA
90,Movie_90,Sci-Fi,Telugu,2007,127,India
91,Movie_91,Sci-Fi,Telugu,2021,174,Canada
92,Movie_92,Action,Tamil,2013,171,Canada
93,Movie_93,Sci-Fi,Telugu,2015,174,Canada
94,Movie_94,Horror,Hindi,2017,130,UK
95,Movie_95,Sci-Fi,Hindi,2021,146,UK
96,Movie_96,Action,English,2024,134,Canada
97,Movie_97,Drama,Hindi,2012,151,USA
98,Movie_98,Comedy,Telugu,2004,107,USA
99,Movie_99,Action,Hindi,2016,111,India
100,Movie_100,Drama,English,2012,116,Australia
101,Movie_101,Horror,Hindi,2000,177,India
102,Movie_102,Comedy,Tamil,2006,87,Canada
103,Movie_103,Action,Tamil,2014,80,UK
104,Movie_104,Sci-Fi,Kannada,2022,116,Australia
105,Movie_105,Action,Hindi,2008,152,UK
106,Movie_106,Sci-Fi,Hindi,2004,106,India
107,Movie_107,Action,Tamil,2024,163,Canada
108,Movie_108,Sci-Fi,English,2004,128,USA
109,Movie_109,Sci-Fi,Telugu,2015,130,India
110,Movie_110,Drama,Tamil,2006,171,Canada
111,Movie_111,Action,Hindi,2012,80,Australia
112,Movie_112,Comedy,Kannada,2013,122,Canada
113,Movie_113,Drama,English,2021,117,Canada
114,Movie_114,Drama,Telugu,2020,172,India
115,Movie_115,Action,Kannada,2024,132,India
116,Movie_116,Drama,English,2002,175,USA
117,Movie_117,Horror,Tamil,2011,111,Australia
118,Movie_118,Action,Hindi,2008,104,India
119,Movie_119,Sci-Fi,Hindi,2013,100,Canada
120,Movie_120,Action,Tamil,2020,115,India
121,Movie_121,Comedy,Tamil,2023,120,Australia
122,Movie_122,Action,English,2010,118,UK
123,Movie_123,Drama,Hindi,2023,144,Australia
124,Movie_124,Sci-Fi,Hindi,2016,138,Australia
125,Movie_125,Action,English,2004,96,India
126,Movie_126,Horror,Kannada,2006,163,Canada
127,Movie_127,Horror,Tamil,2021,102,USA
128,Movie_128,Sci-Fi,Hindi,2008,82,UK
129,Movie_129,Comedy,English,2018,158,USA
130,Movie_130,Horror,Hindi,2015,91,Australia
131,Movie_131,Comedy,Hindi,2001,125,Australia
132,Movie_132,Drama,English,2012,128,UK
133,Movie_133,Comedy,Kannada,2018,160,UK
134,Movie_134,Horror,Telugu,2024,108,India
135,Movie_135,Horror,Tamil,2024,178,Australia
136,Movie_136,Comedy,Telugu,2018,143,India
137,Movie_137,Action,Kannada,2012,176,Australia
138,Movie_138,Horror,Telugu,2011,126,Canada
139,Movie_139,Sci-Fi,Telugu,2008,96,Australia
140,Movie_140,Drama,Kannada,2015,161,Canada
141,Movie_141,Comedy,Hindi,2013,148,USA
142,Movie_142,Action,Tamil,2019,96,India
143,Movie_143,Comedy,Telugu,2015,132,Australia
144,Movie_144,Comedy,Hindi,2011,115,India
145,Movie_145,Sci-Fi,English,2002,177,USA
146,Movie_146,Horror,Kannada,2012,100,India
147,Movie_147,Action,Tamil,2023,129,Australia
148,Movie_148,Horror,Tamil,2001,108,USA
149,Movie_149,Action,English,2001,115,USA
150,Movie_150,Drama,Hindi,2007,102,Canada
151,Movie_151,Drama,Kannada,2004,175,UK
152,Movie_152,Horror,Kannada,2019,136,UK
153,Movie_153,Comedy,Hindi,2015,98,India
154,Movie_154,Comedy,Telugu,2016,89,UK
155,Movie_155,Action,English,2019,175,India
156,Movie_156,Sci-Fi,Hindi,2020,150,Canada
157,Movie_157,Sci-Fi,Hindi,2007,143,India
158,Movie_158,Action,Telugu,2008,123,Australia
159,Movie_159,Horror,Kannada,2009,81,Canada
160,Movie_160,Horror,Kannada,2013,139,UK
161,Movie_161,Action,English,2006,83,Australia
162,Movie_162,Comedy,Hindi,2018,86,Australia
163,Movie_163,Action,Hindi,2004,154,Canada
164,Movie_164,Comedy,Kannada,2001,162,India
165,Movie_165,Drama,Hindi,2003,89,Canada
166,Movie_166,Drama,Hindi,2000,175,Australia
167,Movie_167,Horror,Tamil,2023,93,USA
168,Movie_168,Sci-Fi,Kannada,2009,168,India
169,Movie_169,Horror,Kannada,2020,171,USA
170,Movie_170,Action,Hindi,2018,116,Canada
171,Movie_171,Action,Tamil,2003,122,USA
172,Movie_172,Action,Kannada,2019,174,UK
173,Movie_173,Sci-Fi,Kannada,2008,169,India
174,Movie_174,Horror,Hindi,2016,117,Australia
175,Movie_175,Horror,English,2013,109,Canada
176,Movie_176,Action,Hindi,2006,102,USA
177,Movie_177,Action,Kannada,2003,108,UK
178,Movie_178,Drama,English,2023,100,Canada
179,Movie_179,Comedy,Kannada,2007,84,Canada
180,Movie_180,Action,Telugu,2010,163,India
181,Movie_181,Action,Tamil,2003,82,USA
182,Movie_182,Comedy,Telugu,2000,92,Canada
183,Movie_183,Comedy,Tamil,2008,160,UK
184,Movie_184,Action,Hindi,2007,159,Canada
185,Movie_185,Sci-Fi,Tamil,2021,160,UK
186,Movie_186,Drama,Tamil,2019,162,UK
187,Movie_187,Action,Tamil,2009,147,Canada
188,Movie_188,Action,Telugu,2001,124,Australia
189,Movie_189,Drama,Hindi,2022,163,Canada
190,Movie_190,Drama,English,2023,176,UK
191,Movie_191,Action,Hindi,2012,123,Australia
192,Movie_192,Comedy,Hindi,2012,132,Australia
193,Movie_193,Comedy,Tamil,2002,101,Australia
194,Movie_194,Action,Hindi,2003,84,India
195,Movie_195,Drama,Telugu,2006,159,USA
196,Movie_196,Sci-Fi,Telugu,2002,146,UK
197,Movie_197,Drama,Kannada,2022,179,Canada
198,Movie_198,Horror,Hindi,2011,129,USA
199,Movie_199,Sci-Fi,Tamil,2023,179,Canada
200,Movie_200,Sci-Fi,Telugu,2018,162,USA
201,Movie_201,Comedy,Tamil,2023,117,USA
202,Movie_202,Comedy,English,2000,155,Australia
203,Movie_203,Horror,English,2015,97,Canada
204,Movie_204,Action,Telugu,2024,128,USA
205,Movie_205,Horror,Hindi,2008,103,Australia
206,Movie_206,Comedy,Telugu,2020,96,India
207,Movie_207,Comedy,Tamil,2013,80,Canada
208,Movie_208,Comedy,Tamil,2017,177,Canada
209,Movie_209,Sci-Fi,Hindi,2024,174,USA
210,Movie_210,Drama,Tamil,2024,167,USA
211,Movie_211,Action,English,2007,92,Canada
212,Movie_212,Drama,Hindi,2008,95,Australia
213,Movie_213,Horror,Hindi,2012,96,Australia
214,Movie_214,Drama,English,2006,134,UK
215,Movie_215,Comedy,Hindi,2013,129,India
216,Movie_216,Sci-Fi,Kannada,2009,91,UK
217,Movie_217,Comedy,English,2017,148,Australia
218,Movie_218,Horror,Kannada,2006,161,UK
219,Movie_219,Action,Telugu,2018,157,USA
220,Movie_220,Drama,English,2024,147,UK
221,Movie_221,Comedy,Hindi,2005,146,USA
222,Movie_222,Drama,Kannada,2016,101,UK
223,Movie_223,Horror,Telugu,2023,107,India
224,Movie_224,Horror,English,2015,94,India
225,Movie_225,Sci-Fi,English,2017,103,UK
226,Movie_226,Drama,Telugu,2020,134,UK
227,Movie_227,Drama,English,2013,151,Canada
228,Movie_228,Drama,English,2017,156,UK
229,Movie_229,Drama,Kannada,2005,87,India
230,Movie_230,Sci-Fi,Hindi,2011,155,India
231,Movie_231,Drama,Tamil,2023,142,India
232,Movie_232,Comedy,English,2008,108,Australia
233,Movie_233,Comedy,Hindi,2002,153,Australia
234,Movie_234,Comedy,English,2009,166,Canada
235,Movie_235,Horror,Hindi,2002,99,Australia
236,Movie_236,Drama,Hindi,2023,109,Canada
237,Movie_237,Drama,English,2020,107,USA
238,Movie_238,Comedy,Telugu,2004,113,UK
239,Movie_239,Drama,Hindi,2023,81,UK
240,Movie_240,Drama,Kannada,2019,175,UK
241,Movie_241,Drama,Hindi,2002,95,USA
242,Movie_242,Drama,Telugu,2007,171,UK
243,Movie_243,Horror,Telugu,2009,140,Australia
244,Movie_244,Comedy,Hindi,2024,114,India
245,Movie_245,Action,Telugu,2018,123,Canada
246,Movie_246,Sci-Fi,Hindi,2000,125,India
247,Movie_247,Sci-Fi,Kannada,2023,148,Australia
248,Movie_248,Horror,Kannada,2018,148,USA
249,Movie_249,Comedy,Tamil,2022,93,Australia
250,Movie_250,Horror,Kannada,2017,83,India
