rating_id,movie_id,user_id,rating,rating_date,device,review_text
1,102,47,4,2023-03-31,Laptop,Poor
2,218,48,2,2022-12-09,TV,Poor
3,80,37,3,2022-05-05,Mobile,Must Watch
4,195,166,3,2023-12-15,TV,Poor
5,177,108,1,2023-06-15,Mobile,Poor
6,163,144,5,2022-12-18,TV,Must Watch
7,191,76,1,2022-05-09,Mobile,Average
8,56,195,5,2024-02-10,Mobile,Excellent
9,229,59,4,2023-06-10,Laptop,Must Watch
10,240,244,2,2023-07-29,Mobile,Good
11,15,232,5,2024-02-01,Laptop,Must Watch
12,129,159,2,2024-10-22,TV,Poor
13,92,226,5,2022-10-16,Laptop,Poor
14,126,18,3,2023-02-22,TV,Excellent
15,181,71,5,2022-02-28,Mobile,Must Watch
16,222,203,2,2024-12-12,Laptop,Average
17,195,59,4,2022-05-17,TV,Must Watch
18,48,163,1,2023-07-03,Mobile,Average
19,26,26,2,2024-12-22,Mobile,Average
20,29,136,1,2022-09-07,TV,Excellent
21,83,166,4,2023-07-24,Mobile,Must Watch
22,196,77,3,2022-11-09,Mobile,Average
23,168,149,4,2023-04-29,Mobile,Must Watch
24,64,51,5,2022-03-18,Mobile,Excellent
25,75,244,5,2023-06-20,Mobile,Average
26,47,173,3,2024-11-22,TV,Poor
27,96,34,2,2022-10-31,Laptop,Excellent
28,239,222,2,2024-01-25,TV,Must Watch
29,57,207,2,2022-04-10,Mobile,Poor
30,94,209,3,2023-04-29,Mobile,Average
31,117,190,3,2022-08-15,Laptop,Good
32,111,58,4,2022-11-24,Laptop,Excellent
33,177,51,3,2023-05-08,TV,Poor
34,148,235,1,2024-07-30,Laptop,Poor
35,35,176,2,2024-02-22,TV,Poor
36,141,117,3,2022-05-10,Laptop,Must Watch
37,48,248,5,2023-09-23,TV,Poor
38,130,42,5,2022-04-05,Mobile,Excellent
39,235,80,3,2022-10-18,Laptop,Average
40,94,240,5,2022-07-22,Laptop,Excellent
41,161,14,2,2023-03-24,Mobile,Good
42,171,49,2,2023-10-12,Mobile,Average
43,164,244,1,2022-05-19,Mobile,Poor
44,110,98,2,2024-09-08,Mobile,Good
45,193,21,4,2024-05-30,TV,Must Watch
46,18,146,4,2024-06-08,TV,Good
47,119,235,1,2024-01-05,TV,Good
48,246,185,1,2024-11-12,Laptop,Must Watch
49,228,64,5,2024-07-19,TV,Excellent
50,46,83,3,2023-09-14,Laptop,Excellent
51,142,109,4,2023-06-25,Mobile,Must Watch
52,181,128,5,2023-05-13,Mobile,Must Watch
53,52,52,3,2024-11-21,Mobile,Must Watch
54,248,53,2,2024-05-23,TV,Excellent
55,204,109,1,2024-07-15,Laptop,Good
56,203,215,5,2024-01-10,Laptop,Poor
57,54,8,1,2024-02-10,Laptop,Good
58,216,118,5,2022-10-28,Laptop,Excellent
59,14,134,2,2023-03-09,TV,Good
60,153,76,1,2023-04-12,Mobile,Must Watch
61,110,135,4,2024-07-18,Laptop,Good
62,45,20,2,2023-07-28,TV,Average
63,247,13,3,2022-07-22,Mobile,Must Watch
64,64,137,1,2022-04-14,Laptop,Excellent
65,176,49,4,2022-06-19,Laptop,Must Watch
66,227,103,5,2024-06-12,Laptop,Average
67,17,134,4,2022-04-04,TV,Excellent
68,170,158,5,2023-02-21,Laptop,Poor
69,198,148,1,2022-12-06,Laptop,Good
70,221,131,4,2022-07-20,Laptop,Poor
71,126,130,2,2024-03-11,Mobile,Excellent
72,144,187,5,2022-02-16,Mobile,Must Watch
73,43,26,1,2022-02-27,Laptop,Excellent
74,156,62,3,2022-07-18,Mobile,Average
75,208,165,4,2022-03-27,TV,Excellent
76,112,199,1,2023-05-19,TV,Poor
77,243,249,5,2023-02-24,Mobile,Average
78,250,126,2,2024-07-04,TV,Average
79,221,213,4,2023-12-27,TV,Must Watch
80,230,226,1,2024-06-08,Mobile,Good
81,21,168,1,2024-07-22,Mobile,Good
82,113,218,5,2024-05-31,Laptop,Poor
83,169,94,3,2022-11-15,TV,Good
84,65,171,2,2024-09-24,Mobile,Good
85,114,118,4,2023-03-11,Laptop,Good
86,115,39,2,2024-02-08,Laptop,Must Watch
87,222,5,2,2024-12-03,TV,Poor
88,148,178,5,2024-09-24,TV,Excellent
89,211,84,1,2023-11-04,Mobile,Average
90,166,137,3,2022-11-23,Mobile,Good
91,110,169,5,2023-02-02,Laptop,Poor
92,72,129,2,2022-11-29,Laptop,Excellent
93,142,162,1,2023-01-14,TV,Average
94,219,120,3,2022-12-30,Laptop,Good
95,128,90,4,2024-05-29,Laptop,Excellent
96,85,153,4,2023-05-01,TV,Must Watch
97,188,4,1,2023-05-21,TV,Must Watch
98,165,17,5,2023-02-26,TV,Good
99,23,150,4,2023-04-17,Laptop,Must Watch
100,212,174,3,2023-11-19,Laptop,Excellent
101,112,225,2,2023-11-03,TV,Average
102,133,113,3,2023-04-20,TV,Must Watch
103,106,115,3,2023-03-22,Laptop,Good
104,47,198,4,2024-05-13,Mobile,Poor
105,117,112,5,2024-09-26,Mobile,Average
106,178,116,2,2024-12-23,TV,Good
107,218,12,2,2022-02-23,Laptop,Must Watch
108,167,48,3,2023-05-19,TV,Must Watch
109,101,120,3,2023-01-04,Mobile,Excellent
110,60,89,1,2023-07-07,Mobile,Average
111,72,113,3,2022-05-12,TV,Average
112,147,202,4,2022-07-28,Laptop,Excellent
113,148,33,2,2022-05-19,TV,Excellent
114,123,238,4,2023-12-13,Laptop,Poor
115,85,162,4,2024-08-30,Mobile,Good
116,250,90,2,2022-03-09,Mobile,Poor
117,149,245,1,2023-06-20,Laptop,Average
118,125,79,1,2023-03-09,Laptop,Excellent
119,43,246,5,2023-06-23,Mobile,Excellent
120,6,236,4,2023-11-01,TV,Average
121,53,125,3,2023-08-02,Laptop,Poor
122,14,83,2,2023-01-07,TV,Average
123,215,172,4,2022-09-30,Laptop,Must Watch
124,3,226,1,2024-04-24,Laptop,Poor
125,155,100,4,2022-05-06,Mobile,Excellent
126,172,221,4,2022-11-13,Laptop,Poor
127,183,124,3,2024-01-20,Mobile,Average
128,47,243,1,2023-05-07,Mobile,Excellent
129,248,198,3,2023-10-02,Mobile,Good
130,39,121,2,2024-05-17,TV,Poor
131,86,112,1,2023-08-09,Laptop,Excellent
132,189,240,5,2024-06-09,Laptop,Good
133,236,211,1,2024-07-07,Laptop,Poor
134,39,218,4,2022-06-18,Mobile,Must Watch
135,171,43,2,2023-09-08,TV,Poor
136,33,39,4,2023-12-12,Laptop,Must Watch
137,96,54,5,2022-03-27,Mobile,Average
138,13,29,5,2022-11-21,Laptop,Average
139,162,116,2,2022-10-27,Laptop,Excellent
140,40,212,2,2022-11-21,Mobile,Must Watch
141,92,237,4,2023-04-20,Mobile,Excellent
142,134,149,5,2023-01-21,Mobile,Good
143,4,246,2,2023-08-12,Laptop,Average
144,221,123,5,2024-11-29,Laptop,Poor
145,250,109,3,2024-07-30,Laptop,Must Watch
146,244,3,4,2023-01-01,Mobile,Poor
147,159,36,5,2024-07-20,Laptop,Must Watch
148,162,132,3,2024-01-12,TV,Excellent
149,159,119,4,2024-02-03,Laptop,Excellent
150,45,36,1,2023-12-19,Laptop,Poor
151,24,112,5,2023-12-14,Mobile,Good
152,206,127,1,2024-12-29,TV,Poor
153,84,122,2,2023-07-07,TV,Poor
154,63,41,2,2023-04-09,Mobile,Average
155,38,221,2,2023-01-22,TV,Poor
156,187,5,2,2022-07-28,TV,Average
157,225,37,5,2023-06-26,Laptop,Average
158,196,85,3,2022-03-29,TV,Poor
159,192,143,2,2022-12-18,Mobile,Excellent
160,43,52,3,2022-12-24,Laptop,Must Watch
161,145,221,4,2022-03-01,TV,Must Watch
162,57,70,2,2024-11-07,Laptop,Poor
163,205,243,2,2024-02-01,Mobile,Must Watch
164,198,135,4,2024-01-31,Laptop,Poor
165,193,2,1,2024-10-19,Mobile,Must Watch
166,19,10,4,2023-11-16,Mobile,Average
167,122,203,1,2023-09-19,TV,Good
168,118,77,1,2023-08-11,TV,Average
169,68,170,4,2024-01-14,Laptop,Good
170,27,194,1,2023-04-08,TV,Must Watch
171,194,38,3,2024-09-03,TV,Average
172,40,214,2,2023-12-19,Mobile,Good
173,225,149,5,2023-02-01,Laptop,Good
174,134,44,5,2022-10-22,Mobile,Must Watch
175,133,2,3,2023-08-21,TV,Excellent
176,151,51,5,2022-10-22,Laptop,Average
177,13,35,3,2022-09-01,TV,Average
178,207,192,3,2022-01-16,Laptop,Average
179,209,176,5,2024-11-05,Mobile,Excellent
180,16,187,4,2023-11-27,Mobile,Good
181,149,76,5,2024-12-25,Laptop,Poor
182,59,72,5,2023-09-21,TV,Good
183,122,225,3,2024-10-17,Mobile,Excellent
184,140,113,3,2022-02-08,TV,Average
185,61,32,1,2022-03-08,Mobile,Poor
186,131,191,2,2023-01-27,Mobile,Average
187,204,217,1,2023-09-07,Laptop,Must Watch
188,196,226,5,2022-06-24,TV,Must Watch
189,129,49,5,2023-02-02,Mobile,Good
190,168,245,4,2022-01-22,Laptop,Excellent
191,140,149,2,2022-03-05,TV,Poor
192,80,210,2,2023-05-01,TV,Must Watch
193,32,193,3,2023-07-21,TV,Poor
194,236,177,4,2023-08-25,TV,Must Watch
195,70,159,5,2022-01-20,Mobile,Good
196,78,21,3,2023-02-24,TV,Average
197,1,113,2,2024-11-15,TV,Must Watch
198,206,169,5,2022-06-22,Mobile,Excellent
199,100,11,2,2022-04-12,Laptop,Poor
200,47,164,2,2022-09-16,Laptop,Poor
201,2,171,3,2024-08-14,Mobile,Must Watch
202,205,85,5,2023-04-27,Laptop,Poor
203,226,202,2,2024-12-20,Mobile,Excellent
204,95,222,4,2024-10-15,Laptop,Poor
205,208,184,1,2023-03-20,TV,Must Watch
206,162,121,1,2023-12-01,Laptop,Excellent
207,17,12,4,2022-07-02,TV,Poor
208,174,75,5,2023-02-28,Laptop,Average
209,104,19,3,2022-12-02,Laptop,Average
210,204,42,4,2022-04-27,Laptop,Must Watch
211,241,25,1,2022-11-15,TV,Good
212,198,169,3,2024-08-22,Mobile,Must Watch
213,88,139,3,2024-08-14,Laptop,Average
214,81,204,1,2023-05-15,TV,Good
215,236,60,3,2024-12-09,Mobile,Good
216,174,86,5,2024-05-28,Laptop,Excellent
217,131,75,3,2024-11-22,Laptop,Good
218,20,228,5,2022-04-25,Mobile,Good
219,22,61,2,2022-08-26,TV,Excellent
220,222,70,2,2022-07-31,Mobile,Poor
221,59,15,1,2024-02-04,TV,Excellent
222,106,34,5,2022-11-24,Laptop,Must Watch
223,129,80,1,2024-08-23,Mobile,Must Watch
224,71,55,5,2023-12-20,Mobile,Poor
225,243,160,2,2023-08-25,Laptop,Good
226,235,7,2,2023-04-13,TV,Good
227,170,13,2,2023-10-16,TV,Average
228,202,106,4,2024-06-15,Laptop,Average
229,107,109,1,2023-09-11,TV,Excellent
230,45,190,5,2023-05-30,TV,Good
231,31,152,2,2023-09-13,TV,Must Watch
232,72,59,4,2023-01-30,Mobile,Average
233,68,248,3,2022-08-14,Mobile,Poor
234,229,114,1,2024-02-05,TV,Good
235,117,234,5,2022-04-12,TV,Average
236,201,172,4,2022-01-16,Mobile,Average
237,121,191,5,2024-04-11,Laptop,Excellent
238,116,23,4,2023-05-14,Mobile,Must Watch
239,101,42,2,2022-01-05,Mobile,Good
240,3,109,3,2023-04-03,Mobile,Good
241,242,169,2,2023-03-09,Laptop,Good
242,221,155,4,2024-08-07,TV,Good
243,106,149,1,2024-08-18,Laptop,Must Watch
244,141,215,5,2022-06-23,Mobile,Poor
245,88,55,5,2023-01-28,TV,Excellent
246,76,56,3,2023-11-04,TV,Excellent
247,69,130,1,2022-10-03,Laptop,Must Watch
248,236,83,1,2024-09-29,Laptop,Poor
249,121,157,1,2024-06-01,Laptop,Poor
250,202,240,5,2023-08-12,Mobile,Good
251,220,232,5,2024-09-08,Mobile,Poor
252,222,64,3,2022-02-07,Mobile,Good
253,103,41,3,2024-09-06,TV,Average
254,130,220,4,2023-06-03,Mobile,Must Watch
255,227,77,4,2023-01-23,Mobile,Good
256,213,47,2,2024-11-14,TV,Average
257,239,169,3,2022-04-25,Mobile,Good
258,58,165,1,2024-12-28,TV,Good
259,82,182,1,2022-05-29,Laptop,Average
260,156,147,5,2024-06-15,Mobile,Must Watch
261,162,236,5,2024-03-02,Laptop,Must Watch
262,15,79,5,2022-09-03,Laptop,Must Watch
263,21,208,5,2024-01-12,TV,Poor
264,56,143,4,2022-05-25,Mobile,Good
265,128,17,3,2024-08-20,TV,Poor
266,165,222,1,2023-11-30,TV,Good
267,187,35,3,2022-02-10,TV,Average
268,98,40,2,2024-06-30,TV,Good
269,137,244,2,2022-07-28,Mobile,Good
270,238,156,3,2024-06-23,Mobile,Excellent
271,156,66,4,2022-10-05,Mobile,Good
272,68,133,5,2024-08-03,Mobile,Good
273,19,116,5,2023-04-01,TV,Poor
274,241,49,3,2023-12-30,TV,Excellent
275,171,143,3,2022-05-08,Laptop,Excellent
276,164,3,5,2022-11-20,Mobile,Must Watch
277,34,213,1,2023-09-21,TV,Average
278,110,34,3,2023-07-18,Mobile,Excellent
279,234,186,2,2023-11-16,Laptop,Must Watch
280,19,125,2,2024-01-20,Mobile,Must Watch
281,19,220,4,2024-12-24,Laptop,Poor
282,188,191,3,2024-11-22,Mobile,Poor
283,152,219,3,2022-09-08,Laptop,Good
284,26,141,5,2022-02-07,Mobile,Good
285,193,180,4,2024-07-22,Mobile,Poor
286,128,67,1,2024-07-12,Laptop,Good
287,108,123,4,2024-07-25,Laptop,Poor
288,109,81,3,2024-08-24,Laptop,Average
289,234,78,1,2023-08-06,Laptop,Excellent
290,2,159,1,2022-06-17,Mobile,Must Watch
291,215,200,1,2023-03-24,TV,Good
292,243,187,1,2024-03-21,Mobile,Average
293,8,188,4,2024-10-22,TV,Average
294,172,31,1,2024-08-17,Laptop,Poor
295,139,1,4,2023-08-04,TV,Excellent
296,119,83,4,2024-01-09,Mobile,Poor
297,52,7,4,2022-11-01,TV,Average
298,180,236,4,2022-10-03,Mobile,Excellent
299,82,90,4,2024-04-09,Laptop,Excellent
300,110,211,3,2023-04-02,TV,Average
301,50,152,1,2023-10-28,Mobile,Excellent
302,113,210,4,2022-09-14,TV,Good
303,170,244,1,2023-04-11,Laptop,Must Watch
304,73,52,1,2022-01-26,Mobile,Excellent
305,248,58,1,2023-05-02,Mobile,Excellent
306,239,99,4,2024-09-03,Mobile,Good
307,39,210,1,2024-02-29,TV,Excellent
308,17,175,3,2024-09-02,Laptop,Must Watch
309,213,193,1,2023-02-20,TV,Average
310,223,140,2,2022-09-14,Laptop,Must Watch
311,66,165,3,2024-05-21,Laptop,Must Watch
312,164,55,4,2022-07-05,Laptop,Poor
313,81,199,2,2022-12-06,Mobile,Excellent
314,109,16,3,2024-12-15,Mobile,Good
315,201,145,4,2024-05-20,TV,Average
316,223,176,1,2022-10-26,Mobile,Average
317,104,31,3,2022-05-26,Laptop,Excellent
318,45,154,5,2022-12-07,TV,Average
319,99,130,4,2022-04-15,TV,Must Watch
320,152,164,4,2023-05-30,TV,Excellent
321,128,155,1,2022-04-10,Mobile,Must Watch
322,133,128,2,2024-04-22,Mobile,Average
323,207,192,3,2022-05-08,Mobile,Average
324,13,102,1,2022-06-15,TV,Must Watch
325,69,21,3,2023-07-02,Laptop,Excellent
326,244,241,1,2022-01-17,Laptop,Good
327,89,183,1,2023-05-06,Laptop,Good
328,114,246,1,2024-02-11,Mobile,Excellent
329,45,248,4,2024-02-08,Mobile,Excellent
330,128,227,3,2022-06-01,TV,Average
331,200,105,5,2024-07-29,Laptop,Good
332,84,30,2,2022-11-28,TV,Average
333,26,102,4,2023-08-13,TV,Poor
334,85,242,5,2023-01-12,TV,Must Watch
335,17,63,1,2024-05-30,TV,Must Watch
336,115,144,1,2022-03-08,Mobile,Poor
337,156,159,1,2024-08-06,TV,Good
338,66,128,5,2023-10-26,Laptop,Average
339,237,225,1,2024-05-12,TV,Poor
340,66,100,3,2024-10-09,TV,Must Watch
341,221,226,2,2022-10-25,Mobile,Excellent
342,140,168,2,2023-01-13,TV,Average
343,191,175,1,2022-11-11,Laptop,Average
344,120,152,2,2023-04-14,TV,Excellent
345,4,13,3,2024-02-12,Mobile,Excellent
346,218,173,4,2023-04-09,Mobile,Excellent
347,135,203,3,2024-11-17,Mobile,Poor
348,75,109,1,2024-06-04,TV,Excellent
349,74,47,4,2023-06-05,Mobile,Average
350,57,22,4,2024-04-24,TV,Poor
351,151,201,3,2022-03-18,Laptop,Poor
352,202,23,3,2024-05-11,Mobile,Average
353,245,220,2,2024-01-22,Mobile,Excellent
354,71,45,1,2024-11-14,Mobile,Good
355,191,102,2,2024-02-07,Mobile,Poor
356,232,24,1,2023-02-09,Mobile,Good
357,40,162,4,2023-01-25,TV,Must Watch
358,250,210,5,2022-10-19,Laptop,Poor
359,250,130,4,2023-02-01,TV,Poor
360,44,36,1,2022-02-10,Mobile,Average
361,65,175,3,2023-12-19,TV,Average
362,109,191,1,2022-04-05,TV,Good
363,75,85,4,2024-02-16,TV,Must Watch
364,147,167,2,2023-11-27,Laptop,Excellent
365,225,12,3,2023-02-12,TV,Excellent
366,7,185,3,2024-07-25,Laptop,Good
367,66,55,1,2023-06-23,TV,Poor
368,52,108,5,2022-04-25,Laptop,Good
369,30,245,5,2024-12-27,Mobile,Good
370,164,236,3,2022-10-23,Laptop,Must Watch
371,218,60,1,2022-12-19,Laptop,Excellent
372,100,235,3,2023-12-01,Mobile,Excellent
373,137,241,1,2023-08-30,Mobile,Average
374,5,173,3,2023-11-03,Mobile,Average
375,176,68,5,2022-11-24,Laptop,Good
376,23,86,3,2022-07-28,Laptop,Good
377,144,30,5,2023-03-23,Laptop,Poor
378,184,101,1,2023-11-29,TV,Poor
379,248,53,4,2022-08-20,Mobile,Good
380,113,49,4,2023-07-16,Laptop,Average
381,136,159,4,2023-07-14,Laptop,Good
382,57,26,5,2024-10-25,Laptop,Poor
383,41,226,3,2024-09-25,TV,Must Watch
384,81,99,1,2024-02-12,Laptop,Excellent
385,208,236,4,2023-04-12,Mobile,Good
386,170,239,4,2024-04-09,TV,Excellent
387,113,43,5,2024-08-08,Mobile,Poor
388,245,106,3,2024-10-15,Mobile,Average
389,63,86,1,2024-09-20,TV,Excellent
390,146,165,4,2024-01-22,TV,Good
391,157,159,3,2022-02-09,Mobile,Average
392,91,54,3,2022-03-05,Laptop,Average
393,139,91,1,2023-06-07,Mobile,Poor
394,80,69,2,2024-02-18,Mobile,Average
395,134,5,3,2024-09-25,Mobile,Average
396,53,94,3,2022-05-19,Laptop,Good
397,238,81,4,2022-09-13,TV,Good
398,158,50,3,2024-12-20,Laptop,Good
399,174,15,3,2023-01-23,Mobile,Excellent
400,248,224,5,2022-01-01,Mobile,Average
401,136,14,3,2024-12-18,TV,Average
402,119,9,4,2022-04-12,Mobile,Must Watch
403,207,213,5,2022-02-25,Laptop,Excellent
404,51,151,2,2023-06-10,TV,Good
405,120,84,1,2022-04-07,TV,Must Watch
406,231,78,2,2023-08-08,Mobile,Good
407,8,119,5,2023-10-22,TV,Poor
408,250,163,4,2022-09-26,Laptop,Good
409,13,205,5,2022-08-12,TV,Poor
410,159,58,4,2022-01-23,Mobile,Good
411,142,142,4,2022-07-24,Mobile,Must Watch
412,248,213,5,2023-05-22,Laptop,Poor
413,130,208,2,2022-09-14,TV,Excellent
414,131,220,1,2023-03-02,Laptop,Excellent
415,79,197,3,2024-10-07,Laptop,Excellent
416,201,70,3,2023-10-23,Mobile,Poor
417,154,27,2,2022-10-18,TV,Poor
418,186,46,2,2024-06-05,Mobile,Excellent
419,180,172,1,2023-03-21,TV,Good
420,182,181,1,2023-06-26,TV,Excellent
421,139,112,4,2023-07-12,Mobile,Poor
422,60,179,2,2024-05-28,TV,Must Watch
423,243,27,2,2023-09-09,TV,Good
424,125,183,2,2024-07-06,Mobile,Excellent
425,190,190,4,2022-06-19,Mobile,Good
426,10,7,3,2024-12-06,Mobile,Excellent
427,226,92,5,2023-05-02,TV,Excellent
428,144,51,5,2024-06-18,Mobile,Average
429,56,97,3,2022-11-22,Mobile,Must Watch
430,173,111,5,2023-06-30,Laptop,Excellent
431,172,51,1,2024-07-03,TV,Must Watch
432,40,137,3,2022-05-08,TV,Good
433,77,103,2,2024-02-06,TV,Average
434,138,226,1,2023-06-03,Laptop,Poor
435,242,118,2,2023-07-20,Laptop,Average
436,12,25,3,2024-03-11,Mobile,Poor
437,101,164,1,2022-09-22,Mobile,Poor
438,220,173,3,2024-05-06,Laptop,Good
439,167,104,4,2023-08-16,Mobile,Average
440,11,32,3,2024-01-01,Laptop,Poor
441,37,39,4,2023-04-08,TV,Average
442,193,88,5,2023-08-26,Laptop,Good
443,134,101,5,2023-04-21,Mobile,Average
444,112,26,3,2024-03-06,TV,Average
445,143,62,5,2022-01-14,Laptop,Excellent
446,133,194,2,2024-10-08,Mobile,Good
447,6,126,5,2023-03-23,Laptop,Poor
448,103,177,4,2024-08-18,TV,Good
449,192,28,5,2024-08-03,TV,Excellent
450,132,115,4,2024-05-09,Laptop,Average
451,216,222,5,2023-12-30,TV,Good
452,198,186,3,2022-02-11,TV,Average
453,157,133,4,2023-05-04,TV,Poor
454,65,164,4,2024-05-16,Mobile,Average
455,214,8,5,2023-02-28,Mobile,Must Watch
456,197,144,4,2023-02-28,Mobile,Excellent
457,28,131,1,2024-08-15,Laptop,Excellent
458,150,204,2,2023-11-12,Laptop,Poor
459,158,162,1,2023-02-01,Mobile,Good
460,149,53,4,2022-12-05,Mobile,Poor
461,241,102,1,2024-08-04,Laptop,Average
462,15,48,3,2024-07-22,Mobile,Good
463,223,185,3,2024-07-10,Laptop,Must Watch
464,110,189,3,2024-09-23,TV,Poor
465,25,107,3,2023-06-03,Laptop,Poor
466,227,240,2,2024-07-11,Mobile,Must Watch
467,72,56,2,2024-07-04,Mobile,Average
468,74,137,2,2023-12-14,Laptop,Poor
469,117,130,2,2022-08-05,Laptop,Average
470,107,205,1,2024-08-22,Mobile,Good
471,118,174,4,2022-08-16,Laptop,Excellent
472,216,209,4,2024-08-27,TV,Good
473,242,234,2,2024-12-30,Mobile,Average
474,174,116,3,2022-06-16,TV,Good
475,90,97,3,2024-07-13,Laptop,Must Watch
476,67,124,1,2024-06-20,TV,Poor
477,130,143,3,2022-04-03,Laptop,Poor
478,24,166,2,2024-05-23,Mobile,Must Watch
479,74,45,2,2022-11-03,Laptop,Excellent
480,47,75,5,2024-08-28,Mobile,Excellent
481,19,59,1,2022-05-27,Mobile,Good
482,91,191,1,2022-08-19,Mobile,Excellent
483,216,243,4,2023-07-25,TV,Must Watch
484,98,113,1,2024-10-23,TV,Poor
485,11,159,5,2022-08-29,Laptop,Average
486,159,136,5,2022-11-28,Mobile,Excellent
487,74,160,3,2022-09-08,Laptop,Average
488,184,136,1,2024-10-10,Mobile,Excellent
489,130,71,2,2022-12-08,Laptop,Poor
490,62,250,5,2023-02-01,Mobile,Excellent
491,220,150,2,2022-10-28,Mobile,Excellent
492,147,90,5,2022-01-10,TV,Must Watch
493,5,61,5,2024-06-28,Mobile,Excellent
494,147,150,3,2023-01-29,Mobile,Average
495,102,63,3,2023-01-17,Mobile,Poor
496,161,78,4,2023-02-16,Laptop,Excellent
497,139,52,5,2023-12-12,Mobile,Must Watch
498,135,152,2,2024-12-07,TV,Good
499,150,61,3,2024-11-22,Mobile,Average
500,195,127,3,2024-05-31,Mobile,Good
