user_id,name,gender,age,city,signup_date,subscription_type
1,User_1,Female,53,Mumbai,2021-09-01,Basic
2,User_2,Male,23,Pune,2021-02-26,Free
3,User_3,Female,44,Pune,2022-06-11,Premium
4,User_4,Female,28,Delhi,2021-04-25,Basic
5,User_5,Male,57,Kolkata,2020-12-23,Basic
6,User_6,Female,56,Delhi,2020-05-03,Basic
7,User_7,Male,17,Delhi,2020-02-18,Basic
8,User_8,Male,27,Kolkata,2020-11-07,Free
9,User_9,Female,34,Pune,2021-11-23,Basic
10,User_10,Female,40,Mumbai,2024-04-28,Premium
11,User_11,Female,45,Chennai,2021-03-22,Premium
12,User_12,Female,40,Pune,2020-11-22,Free
13,User_13,Male,57,Pune,2022-07-04,Premium
14,User_14,Male,54,Mumbai,2023-08-02,Free
15,User_15,Female,32,Pune,2020-04-04,Free
16,User_16,Female,44,Delhi,2020-11-15,Premium
17,User_17,Male,42,Mumbai,2020-12-21,Free
18,User_18,Male,35,Chennai,2024-11-05,Premium
19,User_19,Female,57,Chennai,2022-07-03,Premium
20,User_20,Male,21,Mumbai,2022-09-16,Premium
21,User_21,Female,49,Delhi,2020-08-18,Basic
22,User_22,Female,49,Pune,2022-05-08,Basic
23,User_23,Male,37,Mumbai,2021-12-05,Basic
24,User_24,Female,20,Delhi,2022-11-30,Basic
25,User_25,Female,23,Chennai,2021-01-01,Basic
26,User_26,Male,20,Delhi,2023-05-14,Free
27,User_27,Male,54,Delhi,2021-05-08,Basic
28,User_28,Female,26,Chennai,2022-04-18,Free
29,User_29,Female,15,Kolkata,2022-03-24,Free
30,User_30,Male,45,Chennai,2020-01-12,Premium
31,User_31,Female,51,Kolkata,2020-04-05,Basic
32,User_32,Female,49,Kolkata,2020-11-14,Free
33,User_33,Female,36,Kolkata,2021-03-04,Basic
34,User_34,Male,27,Pune,2021-06-23,Basic
35,User_35,Female,30,Delhi,2022-11-05,Premium
36,User_36,Male,19,Delhi,2024-02-16,Premium
37,User_37,Male,47,Mumbai,2023-08-25,Basic
38,User_38,Male,31,Chennai,2023-04-14,Free
39,User_39,Female,24,Kolkata,2022-04-18,Basic
40,User_40,Male,29,Delhi,2020-05-21,Free
41,User_41,Female,39,Chennai,2024-06-15,Premium
42,User_42,Male,56,Mumbai,2022-07-20,Basic
43,User_43,Female,45,Kolkata,2021-05-16,Premium
44,User_44,Female,19,Delhi,2021-08-07,Free
45,User_45,Male,54,Pune,2022-03-09,Basic
46,User_46,Female,19,Kolkata,2022-08-17,Free
47,User_47,Female,21,Kolkata,2023-08-01,Basic
48,User_48,Male,41,Delhi,2021-07-20,Free
49,User_49,Male,30,Delhi,2021-06-22,Basic
50,User_50,Female,57,Pune,2020-05-08,Free
51,User_51,Male,58,Mumbai,2024-04-21,Basic
52,User_52,Female,17,Chennai,2023-06-04,Free
53,User_53,Female,59,Pune,2023-03-30,Basic
54,User_54,Female,28,Pune,2020-02-05,Free
55,User_55,Female,30,Delhi,2023-05-15,Free
56,User_56,Male,15,Chennai,2021-08-03,Premium
57,User_57,Female,37,Delhi,2024-05-16,Basic
58,User_58,Female,30,Mumbai,2021-11-06,Free
59,User_59,Male,16,Chennai,2023-04-26,Basic
60,User_60,Male,15,Mumbai,2022-01-09,Premium
61,User_61,Female,44,Delhi,2024-12-04,Premium
62,User_62,Male,49,Chennai,2020-11-04,Free
63,User_63,Male,23,Kolkata,2023-05-09,Basic
64,User_64,Female,52,Kolkata,2023-12-01,Free
65,User_65,Male,16,Pune,2023-01-25,Free
66,User_66,Male,42,Kolkata,2022-01-07,Basic
67,User_67,Male,16,Chennai,2024-02-25,Premium
68,User_68,Male,53,Pune,2020-06-08,Basic
69,User_69,Male,51,Delhi,2023-03-09,Premium
70,User_70,Female,22,Chennai,2024-05-22,Free
71,User_71,Female,55,Kolkata,2022-03-25,Premium
72,User_72,Female,57,Chennai,2021-02-09,Free
73,User_73,Male,15,Mumbai,2023-08-29,Basic
74,User_74,Male,42,Pune,2021-12-14,Free
75,User_75,Male,32,Kolkata,2021-09-19,Premium
76,User_76,Female,35,Delhi,2022-12-10,Free
77,User_77,Female,59,Delhi,2021-04-09,Free
78,User_78,Male,18,Chennai,2021-04-10,Free
79,User_79,Female,43,Mumbai,2022-07-21,Basic
80,User_80,Female,22,Chennai,2024-07-07,Premium
81,User_81,Female,57,Mumbai,2024-12-01,Premium
82,User_82,Female,30,Mumbai,2020-08-22,Free
83,User_83,Female,43,Delhi,2021-10-31,Basic
84,User_84,Male,15,Kolkata,2024-02-03,Free
85,User_85,Male,54,Delhi,2020-06-12,Free
86,User_86,Female,15,Chennai,2023-11-13,Basic
87,User_87,Male,39,Mumbai,2020-01-24,Premium
88,User_88,Male,18,Mumbai,2020-05-24,Free
89,User_89,Male,32,Kolkata,2023-10-11,Free
90,User_90,Male,31,Mumbai,2022-10-22,Premium
91,User_91,Female,55,Mumbai,2023-02-28,Free
92,User_92,Male,50,Mumbai,2023-10-02,Premium
93,User_93,Female,34,Pune,2021-12-18,Basic
94,User_94,Male,22,Mumbai,2024-03-21,Basic
95,User_95,Female,23,Delhi,2024-07-30,Free
96,User_96,Female,50,Kolkata,2023-12-08,Free
97,User_97,Male,50,Mumbai,2020-05-20,Premium
98,User_98,Female,57,Chennai,2021-08-08,Basic
99,User_99,Male,33,Chennai,2021-09-10,Free
100,User_100,Male,29,Mumbai,2020-09-05,Premium
101,User_101,Male,57,Pune,2024-09-14,Premium
102,User_102,Male,53,Pune,2022-04-27,Free
103,User_103,Female,16,Kolkata,2024-07-21,Free
104,User_104,Male,41,Chennai,2021-08-10,Premium
105,User_105,Female,17,Chennai,2020-09-29,Free
106,User_106,Male,56,Delhi,2024-02-12,Basic
107,User_107,Male,18,Pune,2020-09-26,Premium
108,User_108,Male,39,Delhi,2020-04-12,Basic
109,User_109,Male,53,Pune,2020-05-03,Premium
110,User_110,Male,23,Kolkata,2023-11-07,Free
111,User_111,Female,29,Chennai,2022-07-04,Basic
112,User_112,Female,53,Chennai,2021-07-24,Basic
113,User_113,Female,55,Chennai,2023-08-07,Free
114,User_114,Female,23,Kolkata,2024-03-21,Premium
115,User_115,Male,17,Chennai,2020-08-18,Basic
116,User_116,Female,30,Mumbai,2023-07-17,Basic
117,User_117,Female,27,Pune,2024-09-11,Premium
118,User_118,Female,25,Chennai,2022-01-05,Basic
119,User_119,Male,47,Delhi,2022-03-17,Premium
120,User_120,Female,33,Delhi,2024-11-01,Free
121,User_121,Female,15,Kolkata,2024-08-31,Premium
122,User_122,Female,20,Kolkata,2023-07-13,Free
123,User_123,Female,26,Pune,2021-10-16,Premium
124,User_124,Male,25,Chennai,2023-01-12,Premium
125,User_125,Female,27,Pune,2023-06-17,Basic
126,User_126,Female,53,Pune,2020-03-11,Free
127,User_127,Female,39,Mumbai,2023-03-07,Free
128,User_128,Male,18,Delhi,2023-06-23,Premium
129,User_129,Female,32,Mumbai,2021-07-19,Basic
130,User_130,Male,30,Mumbai,2021-04-20,Free
131,User_131,Male,27,Mumbai,2024-05-02,Premium
132,User_132,Female,51,Chennai,2023-08-08,Basic
133,User_133,Female,50,Chennai,2023-10-18,Premium
134,User_134,Female,35,Pune,2020-12-30,Free
135,User_135,Female,57,Delhi,2022-01-13,Free
136,User_136,Female,26,Chennai,2020-02-19,Free
137,User_137,Male,35,Kolkata,2021-12-25,Free
138,User_138,Male,38,Chennai,2020-11-06,Premium
139,User_139,Male,41,Kolkata,2023-01-22,Basic
140,User_140,Male,58,Chennai,2024-10-27,Free
141,User_141,Male,17,Pune,2023-06-13,Free
142,User_142,Female,42,Mumbai,2022-02-26,Free
143,User_143,Male,38,Delhi,2021-03-04,Basic
144,User_144,Male,26,Chennai,2023-11-12,Free
145,User_145,Female,19,Kolkata,2021-08-22,Basic
146,User_146,Female,43,Pune,2024-07-13,Premium
147,User_147,Male,46,Chennai,2022-02-23,Free
148,User_148,Female,46,Pune,2022-03-08,Basic
149,User_149,Male,43,Pune,2023-06-24,Premium
150,User_150,Female,31,Pune,2022-11-09,Free
151,User_151,Male,40,Mumbai,2023-06-30,Basic
152,User_152,Female,33,Mumbai,2021-09-27,Basic
153,User_153,Female,54,Chennai,2020-09-06,Basic
154,User_154,Female,48,Pune,2022-03-16,Premium
155,User_155,Female,52,Pune,2024-09-10,Basic
156,User_156,Female,51,Pune,2023-08-04,Free
157,User_157,Female,20,Delhi,2023-01-11,Basic
158,User_158,Female,54,Kolkata,2024-09-28,Free
159,User_159,Female,24,Kolkata,2021-12-22,Free
160,User_160,Female,33,Mumbai,2023-09-30,Premium
161,User_161,Female,50,Delhi,2024-07-03,Premium
162,User_162,Female,43,Pune,2024-12-28,Premium
163,User_163,Female,25,Chennai,2020-11-11,Free
164,User_164,Male,43,Pune,2021-05-15,Free
165,User_165,Female,44,Kolkata,2023-07-24,Basic
166,User_166,Male,55,Kolkata,2021-06-23,Basic
167,User_167,Male,38,Mumbai,2022-04-10,Basic
168,User_168,Female,16,Pune,2022-05-03,Free
169,User_169,Female,40,Chennai,2024-02-23,Free
170,User_170,Male,58,Kolkata,2023-04-07,Basic
171,User_171,Female,44,Chennai,2024-01-20,Premium
172,User_172,Male,26,Mumbai,2022-02-18,Free
173,User_173,Male,15,Mumbai,2020-02-08,Premium
174,User_174,Male,26,Pune,2021-08-23,Premium
175,User_175,Male,59,Pune,2020-08-13,Premium
176,User_176,Male,48,Mumbai,2023-12-19,Premium
177,User_177,Male,33,Mumbai,2022-07-14,Basic
178,User_178,Male,26,Kolkata,2022-05-05,Basic
179,User_179,Male,45,Delhi,2023-07-11,Premium
180,User_180,Female,30,Mumbai,2020-03-30,Basic
181,User_181,Female,56,Chennai,2022-09-11,Free
182,User_182,Male,26,Pune,2023-08-15,Free
183,User_183,Female,26,Pune,2021-07-01,Basic
184,User_184,Female,44,Kolkata,2023-01-16,Basic
185,User_185,Male,42,Delhi,2020-01-25,Basic
186,User_186,Female,59,Mumbai,2022-01-08,Free
187,User_187,Female,53,Kolkata,2022-09-22,Basic
188,User_188,Male,23,Delhi,2021-04-19,Free
189,User_189,Female,41,Pune,2024-07-20,Basic
190,User_190,Male,30,Pune,2021-07-27,Premium
191,User_191,Male,29,Pune,2024-05-15,Premium
192,User_192,Female,50,Pune,2021-02-04,Premium
193,User_193,Female,31,Kolkata,2022-05-14,Basic
194,User_194,Male,34,Kolkata,2022-06-05,Premium
195,User_195,Female,41,Kolkata,2023-11-27,Premium
196,User_196,Female,45,Kolkata,2024-04-19,Premium
197,User_197,Female,24,Delhi,2024-03-03,Free
198,User_198,Male,16,Mumbai,2021-03-14,Basic
199,User_199,Male,29,Chennai,2024-12-13,Free
200,User_200,Male,37,Pune,2024-12-28,Basic
201,User_201,Female,51,Delhi,2024-06-03,Basic
202,User_202,Female,21,Delhi,2022-04-15,Premium
203,User_203,Female,25,Mumbai,2024-09-13,Free
204,User_204,Female,53,Chennai,2023-01-12,Basic
205,User_205,Male,27,Delhi,2024-09-19,Premium
206,User_206,Male,49,Delhi,2020-04-30,Basic
207,User_207,Female,49,Kolkata,2023-04-20,Premium
208,User_208,Male,29,Pune,2022-05-31,Basic
209,User_209,Male,38,Delhi,2021-06-16,Free
210,User_210,Female,54,Pune,2020-11-04,Premium
211,User_211,Male,34,Delhi,2020-07-11,Basic
212,User_212,Female,50,Kolkata,2023-03-15,Premium
213,User_213,Male,27,Chennai,2022-10-27,Premium
214,User_214,Male,38,Pune,2024-09-30,Premium
215,User_215,Female,32,Delhi,2020-12-09,Free
216,User_216,Female,22,Chennai,2022-11-16,Basic
217,User_217,Female,39,Kolkata,2022-03-05,Basic
218,User_218,Female,25,Kolkata,2020-07-05,Free
219,User_219,Male,30,Mumbai,2020-06-20,Premium
220,User_220,Female,39,Chennai,2020-08-24,Basic
221,User_221,Female,35,Pune,2024-06-19,Basic
222,User_222,Female,44,Chennai,2021-11-30,Basic
223,User_223,Male,21,Delhi,2021-06-09,Premium
224,User_224,Female,16,Chennai,2021-08-30,Basic
225,User_225,Female,41,Mumbai,2020-02-29,Basic
226,User_226,Male,29,Delhi,2023-05-05,Free
227,User_227,Male,36,Chennai,2021-03-16,Premium
228,User_228,Female,20,Mumbai,2021-11-30,Basic
229,User_229,Female,32,Pune,2024-02-14,Basic
230,User_230,Female,35,Chennai,2024-11-30,Premium
231,User_231,Female,53,Delhi,2020-09-26,Free
232,User_232,Male,22,Delhi,2020-02-25,Basic
233,User_233,Male,54,Pune,2023-09-05,Premium
234,User_234,Female,44,Mumbai,2023-05-07,Premium
235,User_235,Female,55,Mumbai,2023-02-11,Basic
236,User_236,Female,26,Chennai,2022-03-06,Premium
237,User_237,Male,53,Mumbai,2020-12-29,Free
238,User_238,Male,32,Chennai,2022-03-31,Premium
239,User_239,Male,23,Pune,2022-04-27,Free
240,User_240,Male,17,Mumbai,2021-11-04,Basic
241,User_241,Male,48,Mumbai,2023-08-26,Basic
242,User_242,Female,57,Kolkata,2023-10-29,Premium
243,User_243,Female,25,Pune,2022-04-28,Free
244,User_244,Male,27,Kolkata,2022-06-26,Premium
245,User_245,Male,35,Pune,2022-11-24,Free
246,User_246,Male,30,Pune,2021-04-12,Basic
247,User_247,Male,20,Delhi,2023-04-04,Premium
248,User_248,Female,19,Chennai,2020-09-01,Premium
249,User_249,Female,41,Kolkata,2024-08-14,Free
250,User_250,Female,48,Pune,2022-12-24,Premium
